<?xml version="1.0" encoding="UTF-8"?>  
<configuration scan="true"  debug="false">

 <!-- 控制台输出 -->
    <appender name="STDOUT" class="ch.qos.logback.core.ConsoleAppender">
        <Encoding>UTF-8</Encoding>
        <!--
        日志输出格式：%d表示日期时间，%thread表示线程名，%-5level：级别从左显示5个字符宽度
        %logger{50} 表示logger名字最长50个字符，否则按照句点分割。 %msg：日志消息，%n是换行符
        -->
        <layout class="ch.qos.logback.classic.PatternLayout">
            <pattern>%contextName: %X{METHOD-INVOKE-KEY} : %d{yyyy-MM-dd HH:mm:ss.SSS} [%thread] %-5level %replace(%caller{1}){'(Caller(.+?)(?=\())|\r|\n|\s*|\t', ''} - %msg%n</pattern>
        </layout>
    </appender>
    
    <root level="debug">
        <appender-ref ref="STDOUT"/>
    </root>

</configuration>  